{
    "test": {
        "Category": {
            "accuracy": [
                0.7324723247232472,
                0.8376383763837638,
                0.8579335793357934,
                0.8763837638376384,
                0.8450184501845018,
                0.8560885608856088,
                0.8708487084870848,
                0.8745387453874539
            ],
            "hits_at_k": [
                0.8376383763837638,
                0.9114391143911439,
                0.9243542435424354,
                0.940959409594096,
                0.9261992619926199,
                0.9354243542435424,
                0.9354243542435424,
                0.9317343173431735
            ],
            "loss": [
                1.1048106443398114,
                0.670363669025942,
                0.5595914692896319,
                0.5622453196902116,
                0.6905982555938383,
                0.6961306927388885,
                0.5815309598437095,
                0.5383948012911526
            ]
        },
        "combined": {
            "accuracy": [
                0.7324723247232472,
                0.8376383763837638,
                0.8579335793357934,
                0.8763837638376384,
                0.8450184501845018,
                0.8560885608856088,
                0.8708487084870848,
                0.8745387453874539
            ],
            "loss": [
                1.1048106443398114,
                0.670363669025942,
                0.5595914692896319,
                0.5622453196902116,
                0.6905982555938383,
                0.6961306927388885,
                0.5815309598437095,
                0.5383948012911526
            ]
        }
    },
    "train": {
        "Category": {
            "accuracy": [
                0.7743293003682272,
                0.9258285113098369,
                0.9736980536559705,
                0.9836927932667018,
                0.9742240925828511,
                0.9773803261441346,
                0.9773803261441346,
                0.9789584429247764
            ],
            "hits_at_k": [
                0.8684902682798528,
                0.9726459758022094,
                0.9968437664387164,
                0.9978958442924777,
                0.997369805365597,
                0.9989479221462388,
                0.9989479221462388,
                0.997369805365597
            ],
            "loss": [
                0.8909259858349635,
                0.2888399261603037,
                0.12677392778993593,
                0.08152740745403966,
                0.09612018192899284,
                0.0983939266154667,
                0.0768155488511376,
                0.07264194138610695
            ]
        },
        "combined": {
            "accuracy": [
                0.7743293003682272,
                0.9258285113098369,
                0.9736980536559705,
                0.9836927932667018,
                0.9742240925828511,
                0.9773803261441346,
                0.9773803261441346,
                0.9789584429247764
            ],
            "loss": [
                0.8909259858349635,
                0.2888399261603037,
                0.12677392778993593,
                0.08152740745403966,
                0.09612018192899284,
                0.0983939266154667,
                0.0768155488511376,
                0.07264194138610695
            ]
        }
    },
    "validation": {
        "Category": {
            "accuracy": [
                0.7953667953667953,
                0.8803088803088803,
                0.9111969111969112,
                0.915057915057915,
                0.8764478764478765,
                0.8725868725868726,
                0.8918918918918919,
                0.9073359073359073
            ],
            "hits_at_k": [
                0.8725868725868726,
                0.9227799227799228,
                0.9613899613899614,
                0.9498069498069498,
                0.9305019305019305,
                0.9536679536679536,
                0.9420849420849421,
                0.9459459459459459
            ],
            "loss": [
                0.9051270503335017,
                0.47496347537832373,
                0.4206751635636142,
                0.4363531514024182,
                0.5648048927424958,
                0.5536517544602796,
                0.5051429446599658,
                0.4336635449678281
            ]
        },
        "combined": {
            "accuracy": [
                0.7953667953667953,
                0.8803088803088803,
                0.9111969111969112,
                0.915057915057915,
                0.8764478764478765,
                0.8725868725868726,
                0.8918918918918919,
                0.9073359073359073
            ],
            "loss": [
                0.9051270503335017,
                0.47496347537832373,
                0.4206751635636142,
                0.4363531514024182,
                0.5648048927424958,
                0.5536517544602796,
                0.5051429446599658,
                0.4336635449678281
            ]
        }
    }
}