{
    "test": {
        "Category": {
            "accuracy": [
                0.7398523985239852,
                0.8450184501845018,
                0.8616236162361623,
                0.8616236162361623,
                0.8782287822878229,
                0.8431734317343174,
                0.8837638376383764,
                0.8800738007380073,
                0.8782287822878229,
                0.8782287822878229,
                0.8819188191881919,
                0.8874538745387454,
                0.8800738007380073,
                0.8837638376383764,
                0.8856088560885609,
                0.8911439114391144,
                0.8911439114391144,
                0.8874538745387454,
                0.8892988929889298,
                0.8856088560885609
            ],
            "hits_at_k": [
                0.8321033210332104,
                0.9261992619926199,
                0.9169741697416974,
                0.9372693726937269,
                0.9372693726937269,
                0.915129151291513,
                0.9391143911439115,
                0.9446494464944649,
                0.9298892988929889,
                0.9372693726937269,
                0.940959409594096,
                0.9372693726937269,
                0.940959409594096,
                0.9391143911439115,
                0.9391143911439115,
                0.9428044280442804,
                0.9464944649446494,
                0.9428044280442804,
                0.9446494464944649,
                0.940959409594096
            ],
            "loss": [
                1.0485332812770267,
                0.6259779419846201,
                0.5606439175201078,
                0.5952778073694434,
                0.48587038596177895,
                0.6331738545885826,
                0.5033563247905886,
                0.5112264728194233,
                0.5794091488602416,
                0.49103907201562863,
                0.5372684169079545,
                0.4763644313460347,
                0.5061863075763097,
                0.48226281901567186,
                0.5007288411974467,
                0.48085218338069,
                0.510466688233548,
                0.46654024159336444,
                0.4969212278668731,
                0.47631874647527606
            ]
        },
        "combined": {
            "accuracy": [
                0.7398523985239852,
                0.8450184501845018,
                0.8616236162361623,
                0.8616236162361623,
                0.8782287822878229,
                0.8431734317343174,
                0.8837638376383764,
                0.8800738007380073,
                0.8782287822878229,
                0.8782287822878229,
                0.8819188191881919,
                0.8874538745387454,
                0.8800738007380073,
                0.8837638376383764,
                0.8856088560885609,
                0.8911439114391144,
                0.8911439114391144,
                0.8874538745387454,
                0.8892988929889298,
                0.8856088560885609
            ],
            "loss": [
                1.0485332812770267,
                0.6259779419846201,
                0.5606439175201078,
                0.5952778073694434,
                0.48587038596177895,
                0.6331738545885826,
                0.5033563247905886,
                0.5112264728194233,
                0.5794091488602416,
                0.49103907201562863,
                0.5372684169079545,
                0.4763644313460347,
                0.5061863075763097,
                0.48226281901567186,
                0.5007288411974467,
                0.48085218338069,
                0.510466688233548,
                0.46654024159336444,
                0.4969212278668731,
                0.47631874647527606
            ]
        }
    },
    "train": {
        "Category": {
            "accuracy": [
                0.8353498158863756,
                0.9426617569700158,
                0.9710678590215676,
                0.9773803261441346,
                0.9836927932667018,
                0.9815886375591794,
                0.9879011046817464,
                0.9873750657548659,
                0.9831667543398211,
                0.988427143608627,
                0.9868490268279853,
                0.9873750657548659,
                0.9857969489742241,
                0.988427143608627,
                0.988427143608627,
                0.988427143608627,
                0.9889531825355077,
                0.9889531825355077,
                0.988427143608627,
                0.9889531825355077
            ],
            "hits_at_k": [
                0.9158337716991057,
                0.979484481851657,
                0.9942135718043135,
                0.9989479221462388,
                0.9989479221462388,
                0.9989479221462388,
                0.9989479221462388,
                0.9984218832193582,
                0.9984218832193582,
                0.9989479221462388,
                0.9989479221462388,
                0.9994739610731194,
                0.9994739610731194,
                0.9994739610731194,
                0.9994739610731194,
                0.9994739610731194,
                1.0,
                1.0,
                1.0,
                1.0
            ],
            "loss": [
                0.7356554379530921,
                0.2603769849188261,
                0.1364709677538202,
                0.08653128216104844,
                0.06062646297201992,
                0.0635171828302567,
                0.048565941506596,
                0.0479054960810718,
                0.053162321299392884,
                0.0404051391154073,
                0.036757722896754524,
                0.03595596235216072,
                0.033866688742379275,
                0.031226323457970738,
                0.030083811640551315,
                0.0303877480778802,
                0.03062191679250686,
                0.028654565612370564,
                0.029845220110781376,
                0.0276260206035913
            ]
        },
        "combined": {
            "accuracy": [
                0.8353498158863756,
                0.9426617569700158,
                0.9710678590215676,
                0.9773803261441346,
                0.9836927932667018,
                0.9815886375591794,
                0.9879011046817464,
                0.9873750657548659,
                0.9831667543398211,
                0.988427143608627,
                0.9868490268279853,
                0.9873750657548659,
                0.9857969489742241,
                0.988427143608627,
                0.988427143608627,
                0.988427143608627,
                0.9889531825355077,
                0.9889531825355077,
                0.988427143608627,
                0.9889531825355077
            ],
            "loss": [
                0.7356554379530921,
                0.2603769849188261,
                0.1364709677538202,
                0.08653128216104844,
                0.06062646297201992,
                0.0635171828302567,
                0.048565941506596,
                0.0479054960810718,
                0.053162321299392884,
                0.0404051391154073,
                0.036757722896754524,
                0.03595596235216072,
                0.033866688742379275,
                0.031226323457970738,
                0.030083811640551315,
                0.0303877480778802,
                0.03062191679250686,
                0.028654565612370564,
                0.029845220110781376,
                0.0276260206035913
            ]
        }
    },